speed,meter_id,t_sim,seq,ingest_seq,flags,gap_steps,poll_to_pub_ms,pub_to_recv_ms,total_ms,recv_to_validated_subscriber_ms
3600.0,m05,2024-01-01T00:00:00,0,1,,0,0.29,1.096,1.386,0.846
3600.0,m07,2024-01-01T00:00:00,0,2,,0,0.619,0.92,1.539,0.742
3600.0,m01,2024-01-01T00:00:00,0,3,,0,0.826,0.959,1.785,0.548
3600.0,m08,2024-01-01T00:00:00,0,4,,0,0.228,0.841,1.069,0.605
3600.0,m06,2024-01-01T00:00:00,0,5,,0,0.143,1.012,1.155,0.629
3600.0,m02,2024-01-01T00:00:00,0,6,,0,0.615,0.742,1.357,0.662
3600.0,m04,2024-01-01T00:00:00,0,7,,0,0.827,0.747,1.574,0.507
3600.0,m03,2024-01-01T00:00:00,0,8,,0,1.053,0.69,1.743,0.432
3600.0,m08,2024-01-01T00:15:00,1,9,,0,0.289,0.996,1.285,0.968
3600.0,m06,2024-01-01T00:15:00,1,10,,0,0.218,1.508,1.726,1.168
3600.0,m02,2024-01-01T00:15:00,1,11,,0,0.785,1.273,2.058,0.706
3600.0,m04,2024-01-01T00:15:00,1,12,,0,1.127,1.385,2.512,0.517
3600.0,m03,2024-01-01T00:15:00,1,13,,0,1.409,1.25,2.659,0.436
3600.0,m05,2024-01-01T00:15:00,1,14,,0,0.193,1.123,1.316,0.659
3600.0,m07,2024-01-01T00:15:00,1,15,,0,0.551,0.777,1.328,0.659
3600.0,m01,2024-01-01T00:15:00,1,16,,0,0.768,0.747,1.515,0.572
3600.0,m08,2024-01-01T00:30:00,2,17,,0,0.315,1.066,1.381,0.7
3600.0,m06,2024-01-01T00:30:00,2,18,,0,0.203,1.419,1.622,0.681
3600.0,m02,2024-01-01T00:30:00,2,19,,0,0.759,0.881,1.64,0.729
3600.0,m04,2024-01-01T00:30:00,2,20,,0,0.998,0.908,1.906,0.698
3600.0,m03,2024-01-01T00:30:00,2,21,,0,1.17,0.813,1.983,0.663
3600.0,m05,2024-01-01T00:30:00,2,22,,0,0.247,1.407,1.654,0.688
3600.0,m07,2024-01-01T00:30:00,2,23,,0,0.76,0.917,1.677,0.646
3600.0,m01,2024-01-01T00:30:00,2,24,,0,0.917,0.849,1.766,0.525
3600.0,m08,2024-01-01T00:45:00,3,25,,0,0.234,0.903,1.137,1.782
3600.0,m06,2024-01-01T00:45:00,3,26,,0,0.218,1.443,1.661,0.684
3600.0,m02,2024-01-01T00:45:00,3,27,,0,0.768,0.856,1.624,0.513
3600.0,m04,2024-01-01T00:45:00,3,28,,0,0.911,0.844,1.755,0.478
3600.0,m03,2024-01-01T00:45:00,3,29,,0,1.012,0.749,1.761,0.537
3600.0,m05,2024-01-01T00:45:00,3,30,,0,0.207,1.178,1.385,0.651
3600.0,m07,2024-01-01T00:45:00,3,31,,0,0.593,0.78,1.373,0.49
3600.0,m01,2024-01-01T00:45:00,3,32,,0,0.796,0.685,1.481,0.416
3600.0,m08,2024-01-01T01:00:00,4,33,,0,0.276,0.971,1.247,0.579
3600.0,m06,2024-01-01T01:00:00,4,34,,0,0.205,1.345,1.55,0.76
3600.0,m02,2024-01-01T01:00:00,4,35,,0,0.712,0.894,1.606,0.59
3600.0,m04,2024-01-01T01:00:00,4,36,,0,0.863,0.936,1.799,0.583
3600.0,m03,2024-01-01T01:00:00,4,37,,0,0.986,0.926,1.912,0.486
3600.0,m05,2024-01-01T01:00:00,4,38,,0,0.203,1.235,1.438,0.599
3600.0,m07,2024-01-01T01:00:00,4,39,,0,0.583,0.754,1.337,0.528
3600.0,m01,2024-01-01T01:00:00,4,40,,0,0.774,0.724,1.498,0.365
3600.0,m08,2024-01-01T01:15:00,5,41,,0,0.243,0.965,1.208,0.648
3600.0,m06,2024-01-01T01:15:00,5,42,,0,0.275,1.612,1.887,0.788
3600.0,m02,2024-01-01T01:15:00,5,43,,0,0.841,0.954,1.795,0.843
3600.0,m04,2024-01-01T01:15:00,5,44,,0,1.093,1.05,2.143,0.712
3600.0,m03,2024-01-01T01:15:00,5,45,,0,1.268,0.962,2.23,0.657
3600.0,m05,2024-01-01T01:15:00,5,46,,0,0.177,1.049,1.226,0.605
3600.0,m07,2024-01-01T01:15:00,5,47,,0,0.548,0.716,1.264,0.682
3600.0,m01,2024-01-01T01:15:00,5,48,,0,0.724,0.769,1.493,0.536
3600.0,m08,2024-01-01T01:30:00,6,49,,0,0.314,0.997,1.311,0.574
3600.0,m06,2024-01-01T01:30:00,6,50,,0,0.281,1.405,1.686,0.63
3600.0,m02,2024-01-01T01:30:00,6,51,,0,0.729,0.793,1.522,0.656
3600.0,m04,2024-01-01T01:30:00,6,52,,0,0.928,0.884,1.812,0.533
3600.0,m03,2024-01-01T01:30:00,6,53,,0,1.071,0.925,1.996,0.461
3600.0,m05,2024-01-01T01:30:00,6,54,,0,0.169,0.99,1.159,0.608
3600.0,m07,2024-01-01T01:30:00,6,55,,0,0.48,0.795,1.275,0.641
3600.0,m01,2024-01-01T01:30:00,6,56,,0,0.658,0.894,1.552,0.41
3600.0,m08,2024-01-01T01:45:00,7,57,,0,0.186,0.723,0.909,0.49
3600.0,m06,2024-01-01T01:45:00,7,58,,0,0.24,1.383,1.623,0.711
3600.0,m02,2024-01-01T01:45:00,7,59,,0,0.751,0.894,1.645,0.604
3600.0,m04,2024-01-01T01:45:00,7,60,,0,0.983,0.881,1.864,0.642
3600.0,m03,2024-01-01T01:45:00,7,61,,0,1.201,0.786,1.987,0.557
3600.0,m05,2024-01-01T01:45:00,7,62,,0,0.17,0.911,1.081,0.556
3600.0,m07,2024-01-01T01:45:00,7,63,,0,0.459,0.678,1.137,0.488
3600.0,m01,2024-01-01T01:45:00,7,64,,0,0.605,0.684,1.289,0.406
3600.0,m08,2024-01-01T02:00:00,8,65,,0,0.156,0.654,0.81,0.496
3600.0,m06,2024-01-01T02:00:00,8,66,,0,0.288,1.599,1.887,0.783
3600.0,m02,2024-01-01T02:00:00,8,67,,0,0.777,0.915,1.692,0.652
3600.0,m04,2024-01-01T02:00:00,8,68,,0,0.966,0.962,1.928,0.673
3600.0,m03,2024-01-01T02:00:00,8,69,,0,1.171,0.816,1.987,0.722
3600.0,m05,2024-01-01T02:00:00,8,70,,0,0.176,1.043,1.219,0.58
3600.0,m07,2024-01-01T02:00:00,8,71,,0,0.538,0.674,1.212,0.539
3600.0,m01,2024-01-01T02:00:00,8,72,,0,0.69,0.688,1.378,0.418
3600.0,m08,2024-01-01T02:15:00,9,73,,0,0.144,0.584,0.728,0.923
3600.0,m06,2024-01-01T02:15:00,9,74,,0,0.206,1.409,1.615,0.711
3600.0,m02,2024-01-01T02:15:00,9,75,,0,0.771,0.883,1.654,1.196
3600.0,m04,2024-01-01T02:15:00,9,76,,0,1.016,1.4,2.416,0.622
3600.0,m03,2024-01-01T02:15:00,9,77,,0,1.187,1.383,2.57,0.556
3600.0,m05,2024-01-01T02:15:00,9,78,,0,0.243,1.267,1.51,0.573
3600.0,m07,2024-01-01T02:15:00,9,79,,0,0.598,0.591,1.189,0.473
3600.0,m01,2024-01-01T02:15:00,9,80,,0,0.624,0.707,1.331,0.359
3600.0,m06,2024-01-01T02:30:00,10,81,,0,0.196,1.338,1.534,0.757
3600.0,m02,2024-01-01T02:30:00,10,82,,0,0.702,0.881,1.583,0.448
3600.0,m04,2024-01-01T02:30:00,10,83,,0,0.928,0.904,1.832,0.427
3600.0,m03,2024-01-01T02:30:00,10,84,,0,1.079,0.853,1.932,0.419
3600.0,m05,2024-01-01T02:30:00,10,85,,0,0.181,1.103,1.284,0.592
3600.0,m07,2024-01-01T02:30:00,10,86,,0,0.642,0.666,1.308,0.404
3600.0,m01,2024-01-01T02:30:00,10,87,,0,0.832,0.679,1.511,0.419
3600.0,m08,2024-01-01T02:30:00,10,88,,0,0.208,0.797,1.005,0.547
3600.0,m06,2024-01-01T02:45:00,11,89,,0,0.187,1.237,1.424,0.681
3600.0,m02,2024-01-01T02:45:00,11,90,,0,0.601,0.875,1.476,0.599
3600.0,m04,2024-01-01T02:45:00,11,91,,0,0.771,0.926,1.697,0.515
3600.0,m03,2024-01-01T02:45:00,11,92,,0,0.909,0.871,1.78,0.476
3600.0,m05,2024-01-01T02:45:00,11,93,,0,0.246,1.401,1.647,0.507
3600.0,m07,2024-01-01T02:45:00,11,94,,0,0.735,0.622,1.357,0.39
3600.0,m01,2024-01-01T02:45:00,11,95,,0,0.765,0.675,1.44,0.414
3600.0,m08,2024-01-01T02:45:00,11,96,,0,0.189,0.84,1.029,0.674
3600.0,m06,2024-01-01T03:00:00,12,97,,0,0.094,0.776,0.87,0.421
3600.0,m02,2024-01-01T03:00:00,12,98,,0,0.485,0.455,0.94,0.414
3600.0,m04,2024-01-01T03:00:00,12,99,,0,0.751,0.455,1.206,0.498
3600.0,m03,2024-01-01T03:00:00,12,100,,0,0.954,0.599,1.553,0.376
3600.0,m05,2024-01-01T03:00:00,12,101,,0,0.157,0.823,0.98,0.505
3600.0,m07,2024-01-01T03:00:00,12,102,,0,0.438,0.654,1.092,0.44
3600.0,m01,2024-01-01T03:00:00,12,103,,0,0.557,0.664,1.221,0.313
3600.0,m08,2024-01-01T03:00:00,12,104,,0,0.312,1.089,1.401,0.726
3600.0,m06,2024-01-01T03:15:00,13,105,,0,0.115,0.886,1.001,0.496
3600.0,m02,2024-01-01T03:15:00,13,106,,0,0.534,0.5,1.034,0.43
3600.0,m04,2024-01-01T03:15:00,13,107,,0,0.721,0.517,1.238,0.387
3600.0,m03,2024-01-01T03:15:00,13,108,,0,0.899,0.513,1.412,0.366
3600.0,m05,2024-01-01T03:15:00,13,109,,0,0.172,0.947,1.119,0.571
3600.0,m07,2024-01-01T03:15:00,13,110,,0,0.406,0.757,1.163,0.504
3600.0,m01,2024-01-01T03:15:00,13,111,,0,0.555,0.813,1.368,0.36
3600.0,m08,2024-01-01T03:15:00,13,112,,0,0.313,1.057,1.37,0.695
3600.0,m05,2024-01-01T03:30:00,14,113,,0,0.131,0.828,0.959,0.619
3600.0,m07,2024-01-01T03:30:00,14,114,,0,0.393,0.756,1.149,0.558
3600.0,m01,2024-01-01T03:30:00,14,115,,0,0.612,0.771,1.383,0.429
3600.0,m08,2024-01-01T03:30:00,14,116,,0,0.152,0.605,0.757,0.43
3600.0,m06,2024-01-01T03:30:00,14,117,,0,0.218,1.489,1.707,0.729
3600.0,m02,2024-01-01T03:30:00,14,118,,0,0.753,0.948,1.701,0.717
3600.0,m04,2024-01-01T03:30:00,14,119,,0,0.97,1.044,2.014,0.672
3600.0,m03,2024-01-01T03:30:00,14,120,,0,1.18,1.058,2.238,0.531
3600.0,m05,2024-01-01T03:45:00,15,121,,0,0.096,0.661,0.757,0.387
3600.0,m07,2024-01-01T03:45:00,15,122,,0,0.369,0.398,0.767,0.446
3600.0,m01,2024-01-01T03:45:00,15,123,,0,0.541,0.533,1.074,0.365
3600.0,m08,2024-01-01T03:45:00,15,124,,0,0.268,0.942,1.21,0.566
3600.0,m06,2024-01-01T03:45:00,15,125,,0,0.223,1.323,1.546,0.554
3600.0,m02,2024-01-01T03:45:00,15,126,,0,0.863,0.651,1.514,0.555
3600.0,m04,2024-01-01T03:45:00,15,127,,0,0.898,0.657,1.555,0.562
3600.0,m03,2024-01-01T03:45:00,15,128,,0,1.0,0.559,1.559,0.591
3600.0,m08,2024-01-01T04:00:00,16,129,,0,0.242,1.021,1.263,0.926
3600.0,m06,2024-01-01T04:00:00,16,130,,0,0.336,1.914,2.25,0.715
3600.0,m02,2024-01-01T04:00:00,16,131,,0,1.177,0.935,2.112,0.624
3600.0,m04,2024-01-01T04:00:00,16,132,,0,1.059,1.004,2.063,0.721
3600.0,m03,2024-01-01T04:00:00,16,133,,0,1.041,1.063,2.104,0.636
3600.0,m05,2024-01-01T04:00:00,16,134,,0,0.159,1.009,1.168,0.534
3600.0,m07,2024-01-01T04:00:00,16,135,,0,0.554,0.602,1.156,0.508
3600.0,m01,2024-01-01T04:00:00,16,136,,0,0.78,0.683,1.463,0.389
3600.0,m08,2024-01-01T04:15:00,17,137,,0,0.252,0.917,1.169,0.625
3600.0,m06,2024-01-01T04:15:00,17,138,,0,0.248,1.434,1.682,0.777
3600.0,m02,2024-01-01T04:15:00,17,139,,0,0.865,0.962,1.827,0.668
3600.0,m04,2024-01-01T04:15:00,17,140,,0,1.01,1.158,2.168,0.649
3600.0,m03,2024-01-01T04:15:00,17,141,,0,1.147,1.232,2.379,0.468
3600.0,m05,2024-01-01T04:15:00,17,142,,0,0.191,1.151,1.342,0.551
3600.0,m07,2024-01-01T04:15:00,17,143,,0,0.613,0.657,1.27,0.475
3600.0,m01,2024-01-01T04:15:00,17,144,,0,0.821,0.697,1.518,0.433
3600.0,m08,2024-01-01T04:30:00,18,145,,0,0.212,0.892,1.104,0.607
3600.0,m06,2024-01-01T04:30:00,18,146,,0,0.202,1.395,1.597,0.735
3600.0,m02,2024-01-01T04:30:00,18,147,,0,0.755,0.894,1.649,0.656
3600.0,m04,2024-01-01T04:30:00,18,148,,0,0.958,0.909,1.867,0.713
3600.0,m03,2024-01-01T04:30:00,18,149,,0,1.139,0.79,1.929,0.705
3600.0,m05,2024-01-01T04:30:00,18,150,,0,0.222,1.308,1.53,0.487
3600.0,m07,2024-01-01T04:30:00,18,151,,0,0.671,0.5,1.171,0.419
3600.0,m01,2024-01-01T04:30:00,18,152,,0,0.657,0.614,1.271,0.421
3600.0,m08,2024-01-01T04:45:00,19,153,,0,0.245,0.892,1.137,0.657
3600.0,m06,2024-01-01T04:45:00,19,154,,0,0.193,1.364,1.557,0.577
3600.0,m02,2024-01-01T04:45:00,19,155,,0,0.761,0.706,1.467,0.468
3600.0,m04,2024-01-01T04:45:00,19,156,,0,0.925,0.783,1.708,0.568
3600.0,m03,2024-01-01T04:45:00,19,157,,0,1.091,0.82,1.911,0.45
3600.0,m05,2024-01-01T04:45:00,19,158,,0,0.17,1.037,1.207,0.57
3600.0,m07,2024-01-01T04:45:00,19,159,,0,0.543,0.666,1.209,0.516
3600.0,m01,2024-01-01T04:45:00,19,160,,0,0.695,0.618,1.313,0.473
3600.0,m08,2024-01-01T05:00:00,20,161,,0,0.257,0.966,1.223,0.625
3600.0,m06,2024-01-01T05:00:00,20,162,,0,0.232,1.336,1.568,0.66
3600.0,m02,2024-01-01T05:00:00,20,163,,0,0.829,0.798,1.627,0.633
3600.0,m04,2024-01-01T05:00:00,20,164,,0,0.914,0.871,1.785,0.63
3600.0,m03,2024-01-01T05:00:00,20,165,,0,1.02,0.881,1.901,0.607
3600.0,m05,2024-01-01T05:00:00,20,166,,0,0.145,0.956,1.101,0.679
3600.0,m07,2024-01-01T05:00:00,20,167,,0,0.505,0.678,1.183,0.486
3600.0,m01,2024-01-01T05:00:00,20,168,,0,0.696,0.757,1.453,0.37
3600.0,m08,2024-01-01T05:15:00,21,169,,0,0.233,0.838,1.071,0.6
3600.0,m06,2024-01-01T05:15:00,21,170,,0,0.219,1.171,1.39,0.669
3600.0,m02,2024-01-01T05:15:00,21,171,,0,0.651,0.873,1.524,0.711
3600.0,m04,2024-01-01T05:15:00,21,172,,0,0.756,1.039,1.795,0.672
3600.0,m03,2024-01-01T05:15:00,21,173,,0,0.887,1.11,1.997,0.563
3600.0,m05,2024-01-01T05:15:00,21,174,,0,0.254,1.141,1.395,0.787
3600.0,m07,2024-01-01T05:15:00,21,175,,0,0.68,0.851,1.531,0.467
3600.0,m01,2024-01-01T05:15:00,21,176,,0,0.862,0.862,1.724,0.379
3600.0,m08,2024-01-01T05:30:00,22,177,,0,0.189,0.76,0.949,0.483
3600.0,m06,2024-01-01T05:30:00,22,178,,0,0.22,1.451,1.671,0.771
3600.0,m02,2024-01-01T05:30:00,22,179,,0,0.789,0.958,1.747,0.619
3600.0,m04,2024-01-01T05:30:00,22,180,,0,0.891,1.033,1.924,0.604
3600.0,m03,2024-01-01T05:30:00,22,181,,0,1.021,1.013,2.034,0.516
3600.0,m05,2024-01-01T05:30:00,22,182,,0,0.255,1.366,1.621,0.512
3600.0,m07,2024-01-01T05:30:00,22,183,,0,0.706,0.603,1.309,0.512
3600.0,m01,2024-01-01T05:30:00,22,184,,0,0.717,0.581,1.298,0.431
3600.0,m08,2024-01-01T05:45:00,23,185,,0,0.159,0.624,0.783,0.43
3600.0,m06,2024-01-01T05:45:00,23,186,,0,0.232,1.543,1.775,0.716
3600.0,m02,2024-01-01T05:45:00,23,187,,0,0.84,0.898,1.738,0.727
3600.0,m04,2024-01-01T05:45:00,23,188,,0,1.095,0.92,2.015,0.602
3600.0,m03,2024-01-01T05:45:00,23,189,,0,1.201,0.929,2.13,0.526
3600.0,m05,2024-01-01T05:45:00,23,190,,0,0.237,1.427,1.664,0.558
3600.0,m07,2024-01-01T05:45:00,23,191,,0,0.718,0.693,1.411,0.599
3600.0,m01,2024-01-01T05:45:00,23,192,,0,0.734,0.783,1.517,0.429
3600.0,m08,2024-01-01T06:00:00,24,193,,0,0.16,0.606,0.766,0.584
3600.0,m06,2024-01-01T06:00:00,24,194,,0,0.19,1.155,1.345,1.235
3600.0,m02,2024-01-01T06:00:00,24,195,,0,0.553,1.444,1.997,0.576
3600.0,m04,2024-01-01T06:00:00,24,196,,0,0.735,1.538,2.273,0.495
3600.0,m03,2024-01-01T06:00:00,24,197,,0,0.886,1.567,2.453,0.454
3600.0,m05,2024-01-01T06:00:00,24,198,,0,0.257,1.488,1.745,0.763
3600.0,m07,2024-01-01T06:00:00,24,199,,0,0.779,0.888,1.667,0.838
3600.0,m01,2024-01-01T06:00:00,24,200,,0,0.936,0.93,1.866,0.581
3600.0,m06,2024-01-01T06:15:00,25,201,,0,0.179,1.148,1.327,0.686
3600.0,m02,2024-01-01T06:15:00,25,202,,0,0.527,0.905,1.432,0.579
3600.0,m04,2024-01-01T06:15:00,25,203,,0,0.712,0.976,1.688,0.513
3600.0,m03,2024-01-01T06:15:00,25,204,,0,0.855,0.922,1.777,0.518
3600.0,m05,2024-01-01T06:15:00,25,205,,0,0.181,1.168,1.349,0.587
3600.0,m07,2024-01-01T06:15:00,25,206,,0,0.574,0.729,1.303,0.56
3600.0,m01,2024-01-01T06:15:00,25,207,,0,0.742,0.725,1.467,0.395
3600.0,m08,2024-01-01T06:15:00,25,208,,0,0.119,0.469,0.588,0.348
3600.0,m06,2024-01-01T06:30:00,26,209,,0,0.146,1.029,1.175,0.621
3600.0,m02,2024-01-01T06:30:00,26,210,,0,0.529,0.728,1.257,0.418
3600.0,m04,2024-01-01T06:30:00,26,211,,0,0.739,0.8,1.539,0.519
3600.0,m03,2024-01-01T06:30:00,26,212,,0,0.876,0.846,1.722,0.429
3600.0,m05,2024-01-01T06:30:00,26,213,,0,0.169,1.059,1.228,0.528
3600.0,m07,2024-01-01T06:30:00,26,214,,0,0.496,0.695,1.191,0.583
3600.0,m01,2024-01-01T06:30:00,26,215,,0,0.678,0.743,1.421,0.402
3600.0,m08,2024-01-01T06:30:00,26,216,,0,0.234,0.923,1.157,0.604
3600.0,m06,2024-01-01T06:45:00,27,217,,0,0.246,0.828,1.074,0.488
3600.0,m02,2024-01-01T06:45:00,27,218,,0,0.778,0.571,1.349,0.518
3600.0,m04,2024-01-01T06:45:00,27,219,,0,0.732,0.599,1.331,0.544
3600.0,m03,2024-01-01T06:45:00,27,220,,0,0.831,0.569,1.4,0.535
3600.0,m05,2024-01-01T06:45:00,27,221,,0,0.135,0.836,0.971,0.504
3600.0,m07,2024-01-01T06:45:00,27,222,,0,0.401,0.628,1.029,0.568
3600.0,m01,2024-01-01T06:45:00,27,223,,0,0.553,0.676,1.229,0.425
3600.0,m08,2024-01-01T06:45:00,27,224,,0,0.212,0.789,1.001,0.599
3600.0,m03,2024-01-01T07:00:00,28,225,,0,0.124,0.638,0.762,0.366
3600.0,m06,2024-01-01T07:00:00,28,226,,0,0.104,0.646,0.75,0.257
3600.0,m02,2024-01-01T07:00:00,28,227,,0,0.368,0.278,0.646,0.334
3600.0,m04,2024-01-01T07:00:00,28,228,,0,0.547,0.314,0.861,0.465
3600.0,m05,2024-01-01T07:00:00,28,229,,0,0.131,0.792,0.923,0.499
3600.0,m07,2024-01-01T07:00:00,28,230,,0,0.36,0.631,0.991,0.604
3600.0,m01,2024-01-01T07:00:00,28,231,,0,0.515,0.695,1.21,0.532
3600.0,m08,2024-01-01T07:00:00,28,232,,0,0.253,1.004,1.257,0.715
3600.0,m05,2024-01-01T07:15:00,29,233,,0,0.145,0.89,1.035,0.503
3600.0,m07,2024-01-01T07:15:00,29,234,,0,0.442,0.625,1.067,0.616
3600.0,m01,2024-01-01T07:15:00,29,235,,0,0.621,0.694,1.315,0.456
3600.0,m08,2024-01-01T07:15:00,29,236,,0,0.327,0.961,1.288,0.682
3600.0,m06,2024-01-01T07:15:00,29,237,,0,0.172,1.318,1.49,0.723
3600.0,m02,2024-01-01T07:15:00,29,238,,0,0.718,0.879,1.597,0.803
3600.0,m04,2024-01-01T07:15:00,29,239,,0,0.884,1.073,1.957,0.702
3600.0,m03,2024-01-01T07:15:00,29,240,,0,1.079,1.122,2.201,0.519
3600.0,m05,2024-01-01T07:30:00,30,241,,0,0.135,0.811,0.946,0.54
3600.0,m07,2024-01-01T07:30:00,30,242,,0,0.359,0.651,1.01,0.499
3600.0,m01,2024-01-01T07:30:00,30,243,,0,0.522,0.633,1.155,0.508
3600.0,m08,2024-01-01T07:30:00,30,244,,0,0.208,0.8,1.008,0.534
3600.0,m06,2024-01-01T07:30:00,30,245,,0,0.236,1.499,1.735,0.665
3600.0,m02,2024-01-01T07:30:00,30,246,,0,0.803,0.83,1.633,0.716
3600.0,m04,2024-01-01T07:30:00,30,247,,0,0.961,0.923,1.884,0.61
3600.0,m03,2024-01-01T07:30:00,30,248,,0,1.059,0.955,2.014,0.501
3600.0,m08,2024-01-01T07:45:00,31,249,,0,0.232,0.929,1.161,1.009
3600.0,m06,2024-01-01T07:45:00,31,250,,0,0.21,1.257,1.467,0.672
3600.0,m02,2024-01-01T07:45:00,31,251,,0,0.809,0.814,1.623,0.696
3600.0,m04,2024-01-01T07:45:00,31,252,,0,0.906,0.884,1.79,0.653
3600.0,m03,2024-01-01T07:45:00,31,253,,0,1.04,0.813,1.853,0.664
3600.0,m05,2024-01-01T07:45:00,31,254,,0,0.182,1.141,1.323,0.633
3600.0,m07,2024-01-01T07:45:00,31,255,,0,0.569,0.76,1.329,0.589
3600.0,m01,2024-01-01T07:45:00,31,256,,0,0.783,0.707,1.49,0.506
3600.0,m08,2024-01-01T08:00:00,32,257,,0,0.25,0.956,1.206,0.751
3600.0,m06,2024-01-01T08:00:00,32,258,,0,0.28,1.875,2.155,0.693
3600.0,m02,2024-01-01T08:00:00,32,259,,0,1.021,0.876,1.897,0.718
3600.0,m04,2024-01-01T08:00:00,32,260,,0,1.04,0.992,2.032,0.796
3600.0,m03,2024-01-01T08:00:00,32,261,,0,1.064,0.975,2.039,0.711
3600.0,m05,2024-01-01T08:00:00,32,262,,0,0.217,1.188,1.405,0.574
3600.0,m07,2024-01-01T08:00:00,32,263,,0,0.612,0.647,1.259,0.548
3600.0,m01,2024-01-01T08:00:00,32,264,,0,0.721,0.681,1.402,0.459
3600.0,m08,2024-01-01T08:15:00,33,265,,0,0.244,0.962,1.206,0.642
3600.0,m06,2024-01-01T08:15:00,33,266,,0,0.216,1.573,1.789,1.099
3600.0,m02,2024-01-01T08:15:00,33,267,,0,0.873,1.323,2.196,0.6
3600.0,m04,2024-01-01T08:15:00,33,268,,0,1.213,1.36,2.573,0.547
3600.0,m03,2024-01-01T08:15:00,33,269,,0,1.501,1.221,2.722,0.454
3600.0,m05,2024-01-01T08:15:00,33,270,,0,0.263,1.61,1.873,0.827
3600.0,m07,2024-01-01T08:15:00,33,271,,0,0.743,1.064,1.807,0.693
3600.0,m01,2024-01-01T08:15:00,33,272,,0,0.952,1.079,2.031,0.465
3600.0,m08,2024-01-01T08:30:00,34,273,,0,0.261,1.021,1.282,0.773
3600.0,m06,2024-01-01T08:30:00,34,274,,0,0.235,1.471,1.706,0.773
3600.0,m02,2024-01-01T08:30:00,34,275,,0,0.734,0.996,1.73,0.69
3600.0,m04,2024-01-01T08:30:00,34,276,,0,0.886,1.075,1.961,0.631
3600.0,m03,2024-01-01T08:30:00,34,277,,0,1.053,0.992,2.045,0.586
3600.0,m05,2024-01-01T08:30:00,34,278,,0,0.179,1.035,1.214,0.592
3600.0,m07,2024-01-01T08:30:00,34,279,,0,0.511,0.715,1.226,0.523
3600.0,m01,2024-01-01T08:30:00,34,280,,0,0.685,0.698,1.383,0.419
3600.0,m08,2024-01-01T08:45:00,35,281,,0,0.24,0.944,1.184,0.758
3600.0,m06,2024-01-01T08:45:00,35,282,,0,0.226,1.32,1.546,0.64
3600.0,m02,2024-01-01T08:45:00,35,283,,0,0.809,0.783,1.592,0.774
3600.0,m04,2024-01-01T08:45:00,35,284,,0,0.856,1.006,1.862,0.633
3600.0,m03,2024-01-01T08:45:00,35,285,,0,0.978,1.098,2.076,0.442
3600.0,m05,2024-01-01T08:45:00,35,286,,0,0.191,1.123,1.314,0.569
3600.0,m07,2024-01-01T08:45:00,35,287,,0,0.567,0.694,1.261,0.734
3600.0,m01,2024-01-01T08:45:00,35,288,,0,0.71,0.78,1.49,0.606
3600.0,m08,2024-01-01T09:00:00,36,289,,0,0.185,0.814,0.999,0.588
3600.0,m06,2024-01-01T09:00:00,36,290,,0,0.219,1.34,1.559,0.669
3600.0,m02,2024-01-01T09:00:00,36,291,,0,0.654,0.844,1.498,0.512
3600.0,m04,2024-01-01T09:00:00,36,292,,0,0.746,0.883,1.629,0.601
3600.0,m03,2024-01-01T09:00:00,36,293,,0,0.893,0.782,1.675,0.663
3600.0,m05,2024-01-01T09:00:00,36,294,,0,0.22,1.188,1.408,0.625
3600.0,m07,2024-01-01T09:00:00,36,295,,0,0.691,0.782,1.473,0.588
3600.0,m01,2024-01-01T09:00:00,36,296,,0,0.76,0.803,1.563,0.483
3600.0,m08,2024-01-01T09:15:00,37,297,,0,0.186,0.665,0.851,0.458
3600.0,m06,2024-01-01T09:15:00,37,298,,0,0.201,1.33,1.531,0.694
3600.0,m02,2024-01-01T09:15:00,37,299,,0,0.732,0.794,1.526,0.532
3600.0,m04,2024-01-01T09:15:00,37,300,,0,0.851,0.993,1.844,0.632
3600.0,m03,2024-01-01T09:15:00,37,301,,0,0.979,1.061,2.04,0.509
3600.0,m05,2024-01-01T09:15:00,37,302,,0,0.168,0.981,1.149,0.644
3600.0,m07,2024-01-01T09:15:00,37,303,,0,0.448,0.823,1.271,0.582
3600.0,m01,2024-01-01T09:15:00,37,304,,0,0.613,0.876,1.489,0.433
3600.0,m08,2024-01-01T09:30:00,38,305,,0,0.155,0.665,0.82,0.509
3600.0,m06,2024-01-01T09:30:00,38,306,,0,0.209,1.44,1.649,0.747
3600.0,m02,2024-01-01T09:30:00,38,307,,0,0.793,0.837,1.63,0.585
3600.0,m04,2024-01-01T09:30:00,38,308,,0,0.932,1.036,1.968,0.472
3600.0,m03,2024-01-01T09:30:00,38,309,,0,1.044,1.032,2.076,0.43
3600.0,m05,2024-01-01T09:30:00,38,310,,0,0.185,1.122,1.307,0.596
3600.0,m07,2024-01-01T09:30:00,38,311,,0,0.571,0.738,1.309,0.428
3600.0,m01,2024-01-01T09:30:00,38,312,,0,0.778,0.741,1.519,0.411
3600.0,m06,2024-01-01T09:45:00,39,313,,0,0.241,1.587,1.828,0.701
3600.0,m02,2024-01-01T09:45:00,39,314,,0,0.811,0.957,1.768,0.583
3600.0,m04,2024-01-01T09:45:00,39,315,,0,0.94,1.014,1.954,0.504
3600.0,m03,2024-01-01T09:45:00,39,316,,0,1.052,0.983,2.035,0.435
3600.0,m05,2024-01-01T09:45:00,39,317,,0,0.358,1.473,1.831,6.601
3600.0,m07,2024-01-01T09:45:00,39,318,,0,0.67,6.87,7.54,0.586
3600.0,m01,2024-01-01T09:45:00,39,319,,0,0.9,6.795,7.695,0.408
3600.0,m08,2024-01-01T09:45:00,39,320,,0,0.241,0.968,1.209,0.659
3600.0,m06,2024-01-01T10:00:00,40,321,,0,0.162,1.051,1.213,0.663
3600.0,m02,2024-01-01T10:00:00,40,322,,0,0.522,0.8,1.322,0.58
3600.0,m04,2024-01-01T10:00:00,40,323,,0,0.683,0.893,1.576,0.51
3600.0,m03,2024-01-01T10:00:00,40,324,,0,0.826,0.968,1.794,0.358
3600.0,m05,2024-01-01T10:00:00,40,325,,0,0.23,1.229,1.459,0.593
3600.0,m07,2024-01-01T10:00:00,40,326,,0,0.67,0.786,1.456,0.544
3600.0,m01,2024-01-01T10:00:00,40,327,,0,0.765,0.756,1.521,0.427
3600.0,m08,2024-01-01T10:00:00,40,328,,0,0.304,0.88,1.184,0.667
3600.0,m06,2024-01-01T10:15:00,41,329,,0,0.164,0.847,1.011,0.469
3600.0,m02,2024-01-01T10:15:00,41,330,,0,0.517,0.571,1.088,0.545
3600.0,m04,2024-01-01T10:15:00,41,331,,0,0.604,0.694,1.298,0.522
3600.0,m03,2024-01-01T10:15:00,41,332,,0,0.731,0.764,1.495,0.386
3600.0,m05,2024-01-01T10:15:00,41,333,,0,0.151,0.981,1.132,0.615
3600.0,m07,2024-01-01T10:15:00,41,334,,0,0.447,0.8,1.247,0.531
3600.0,m01,2024-01-01T10:15:00,41,335,,0,0.598,0.847,1.445,0.469
3600.0,m08,2024-01-01T10:15:00,41,336,,0,0.242,0.964,1.206,0.592
3600.0,m06,2024-01-01T10:30:00,42,337,,0,0.147,0.855,1.002,0.643
3600.0,m02,2024-01-01T10:30:00,42,338,,0,0.51,0.708,1.218,0.577
3600.0,m04,2024-01-01T10:30:00,42,339,,0,0.583,0.78,1.363,0.556
3600.0,m03,2024-01-01T10:30:00,42,340,,0,0.74,0.717,1.457,0.607
3600.0,m05,2024-01-01T10:30:00,42,341,,0,0.115,0.717,0.832,0.496
3600.0,m07,2024-01-01T10:30:00,42,342,,0,0.396,0.599,0.995,0.539
3600.0,m01,2024-01-01T10:30:00,42,343,,0,0.49,0.718,1.208,0.382
3600.0,m08,2024-01-01T10:30:00,42,344,,0,0.241,0.916,1.157,0.675
3600.0,m05,2024-01-01T10:45:00,43,345,,0,0.139,0.884,1.023,0.502
3600.0,m07,2024-01-01T10:45:00,43,346,,0,0.399,0.675,1.074,0.512
3600.0,m01,2024-01-01T10:45:00,43,347,,0,0.544,0.745,1.289,0.363
3600.0,m08,2024-01-01T10:45:00,43,348,,0,0.235,0.921,1.156,0.734
3600.0,m06,2024-01-01T10:45:00,43,349,,0,0.248,1.486,1.734,0.694
3600.0,m02,2024-01-01T10:45:00,43,350,,0,0.878,0.902,1.78,0.713
3600.0,m04,2024-01-01T10:45:00,43,351,,0,1.006,0.949,1.955,0.696
3600.0,m03,2024-01-01T10:45:00,43,352,,0,1.136,0.885,2.021,0.68
3600.0,m05,2024-01-01T11:00:00,44,353,,0,0.12,0.811,0.931,0.453
3600.0,m07,2024-01-01T11:00:00,44,354,,0,0.396,0.539,0.935,0.456
3600.0,m01,2024-01-01T11:00:00,44,355,,0,0.626,0.567,1.193,0.409
3600.0,m08,2024-01-01T11:00:00,44,356,,0,0.255,0.848,1.103,0.607
3600.0,m06,2024-01-01T11:00:00,44,357,,0,0.22,1.546,1.766,0.684
3600.0,m02,2024-01-01T11:00:00,44,358,,0,0.802,0.927,1.729,0.663
3600.0,m04,2024-01-01T11:00:00,44,359,,0,1.048,0.927,1.975,0.755
3600.0,m03,2024-01-01T11:00:00,44,360,,0,1.202,0.925,2.127,0.663
3600.0,m08,2024-01-01T11:15:00,45,361,,0,0.252,0.953,1.205,0.678
3600.0,m06,2024-01-01T11:15:00,45,362,,0,0.257,1.694,1.951,0.776
3600.0,m02,2024-01-01T11:15:00,45,363,,0,0.984,1.081,2.065,0.723
3600.0,m04,2024-01-01T11:15:00,45,364,,0,1.036,1.133,2.169,0.937
3600.0,m03,2024-01-01T11:15:00,45,365,,0,1.135,1.137,2.272,0.847
3600.0,m05,2024-01-01T11:15:00,45,366,,0,0.181,1.186,1.367,0.593
3600.0,m07,2024-01-01T11:15:00,45,367,,0,0.551,0.787,1.338,0.534
3600.0,m01,2024-01-01T11:15:00,45,368,,0,0.76,0.751,1.511,0.44
3600.0,m08,2024-01-01T11:30:00,46,369,,0,0.243,1.112,1.355,0.68
3600.0,m06,2024-01-01T11:30:00,46,370,,0,0.347,1.643,1.99,0.914
3600.0,m02,2024-01-01T11:30:00,46,371,,0,0.801,1.153,1.954,0.564
3600.0,m04,2024-01-01T11:30:00,46,372,,0,1.024,1.111,2.135,0.566
3600.0,m03,2024-01-01T11:30:00,46,373,,0,1.256,0.964,2.22,0.528
3600.0,m05,2024-01-01T11:30:00,46,374,,0,0.175,1.095,1.27,0.62
3600.0,m07,2024-01-01T11:30:00,46,375,,0,0.555,0.782,1.337,0.667
3600.0,m01,2024-01-01T11:30:00,46,376,,0,0.809,0.76,1.569,0.506
3600.0,m08,2024-01-01T11:45:00,47,377,,0,0.254,1.03,1.284,0.79
3600.0,m06,2024-01-01T11:45:00,47,378,,0,0.236,1.529,1.765,0.808
3600.0,m02,2024-01-01T11:45:00,47,379,,0,0.765,1.077,1.842,0.657
3600.0,m04,2024-01-01T11:45:00,47,380,,0,0.946,1.143,2.089,0.612
3600.0,m03,2024-01-01T11:45:00,47,381,,0,1.114,1.104,2.218,0.506
3600.0,m05,2024-01-01T11:45:00,47,382,,0,0.19,1.202,1.392,0.69
3600.0,m07,2024-01-01T11:45:00,47,383,,0,0.641,0.825,1.466,0.579
3600.0,m01,2024-01-01T11:45:00,47,384,,0,0.866,0.741,1.607,0.449
3600.0,m08,2024-01-01T12:00:00,48,385,,0,0.322,1.126,1.448,0.706
3600.0,m06,2024-01-01T12:00:00,48,386,,0,0.245,1.506,1.751,0.845
3600.0,m02,2024-01-01T12:00:00,48,387,,0,0.866,1.024,1.89,0.542
3600.0,m04,2024-01-01T12:00:00,48,388,,0,0.992,1.123,2.115,0.639
3600.0,m03,2024-01-01T12:00:00,48,389,,0,1.205,1.108,2.313,0.545
3600.0,m05,2024-01-01T12:00:00,48,390,,0,0.222,1.234,1.456,0.794
3600.0,m07,2024-01-01T12:00:00,48,391,,0,0.59,0.94,1.53,0.555
3600.0,m01,2024-01-01T12:00:00,48,392,,0,0.782,0.918,1.7,0.433
3600.0,m08,2024-01-01T12:15:00,49,393,,0,0.187,0.635,0.822,0.416
3600.0,m06,2024-01-01T12:15:00,49,394,,0,0.214,1.562,1.776,0.715
3600.0,m02,2024-01-01T12:15:00,49,395,,0,0.883,0.905,1.788,0.636
3600.0,m04,2024-01-01T12:15:00,49,396,,0,1.106,0.904,2.01,0.66
3600.0,m03,2024-01-01T12:15:00,49,397,,0,1.244,0.958,2.202,0.54
3600.0,m05,2024-01-01T12:15:00,49,398,,0,0.177,1.123,1.3,0.639
3600.0,m07,2024-01-01T12:15:00,49,399,,0,0.546,0.789,1.335,0.565
3600.0,m01,2024-01-01T12:15:00,49,400,,0,0.699,0.81,1.509,0.47
3600.0,m08,2024-01-01T12:30:00,50,401,,0,0.195,0.792,0.987,0.588
3600.0,m06,2024-01-01T12:30:00,50,402,,0,0.411,1.195,1.606,0.706
3600.0,m02,2024-01-01T12:30:00,50,403,,0,1.081,0.893,1.974,0.653
3600.0,m04,2024-01-01T12:30:00,50,404,,0,0.852,0.974,1.826,0.671
3600.0,m03,2024-01-01T12:30:00,50,405,,0,0.932,0.944,1.876,0.634
3600.0,m05,2024-01-01T12:30:00,50,406,,0,0.188,1.142,1.33,0.64
3600.0,m07,2024-01-01T12:30:00,50,407,,0,0.549,0.789,1.338,0.613
3600.0,m01,2024-01-01T12:30:00,50,408,,0,0.697,0.824,1.521,0.473
3600.0,m08,2024-01-01T12:45:00,51,409,,0,0.193,0.779,0.972,0.529
3600.0,m06,2024-01-01T12:45:00,51,410,,0,0.216,1.312,1.528,0.614
3600.0,m02,2024-01-01T12:45:00,51,411,,0,0.829,0.763,1.592,0.69
3600.0,m04,2024-01-01T12:45:00,51,412,,0,0.954,0.808,1.762,0.675
3600.0,m03,2024-01-01T12:45:00,51,413,,0,1.052,0.77,1.822,0.661
3600.0,m05,2024-01-01T12:45:00,51,414,,0,0.165,1.02,1.185,0.529
3600.0,m07,2024-01-01T12:45:00,51,415,,0,0.518,0.608,1.126,0.45
3600.0,m01,2024-01-01T12:45:00,51,416,,0,0.678,0.676,1.354,0.383
3600.0,m08,2024-01-01T13:00:00,52,417,,0,0.158,0.659,0.817,0.428
3600.0,m06,2024-01-01T13:00:00,52,418,,0,0.201,1.415,1.616,0.675
3600.0,m02,2024-01-01T13:00:00,52,419,,0,0.758,0.851,1.609,0.799
3600.0,m04,2024-01-01T13:00:00,52,420,,0,1.004,0.924,1.928,0.643
3600.0,m03,2024-01-01T13:00:00,52,421,,0,1.12,0.886,2.006,0.638
3600.0,m05,2024-01-01T13:00:00,52,422,,0,0.209,1.22,1.429,0.791
3600.0,m07,2024-01-01T13:00:00,52,423,,0,0.548,0.994,1.542,0.815
3600.0,m01,2024-01-01T13:00:00,52,424,,0,0.741,1.141,1.882,0.544
3600.0,m08,2024-01-01T13:15:00,53,425,,0,0.17,0.647,0.817,0.463
3600.0,m06,2024-01-01T13:15:00,53,426,,0,0.194,1.234,1.428,0.653
3600.0,m02,2024-01-01T13:15:00,53,427,,0,0.746,0.821,1.567,0.702
3600.0,m04,2024-01-01T13:15:00,53,428,,0,0.858,0.951,1.809,0.586
3600.0,m03,2024-01-01T13:15:00,53,429,,0,1.046,0.818,1.864,0.574
3600.0,m05,2024-01-01T13:15:00,53,430,,0,0.244,1.163,1.407,0.607
3600.0,m07,2024-01-01T13:15:00,53,431,,0,0.538,0.747,1.285,0.495
3600.0,m01,2024-01-01T13:15:00,53,432,,0,0.759,0.809,1.568,0.489
3600.0,m06,2024-01-01T13:30:00,54,433,,0,0.212,1.351,1.563,0.697
3600.0,m02,2024-01-01T13:30:00,54,434,,0,0.771,0.916,1.687,0.474
3600.0,m04,2024-01-01T13:30:00,54,435,,0,0.84,0.905,1.745,0.52
3600.0,m03,2024-01-01T13:30:00,54,436,,0,0.984,0.931,1.915,0.412
3600.0,m05,2024-01-01T13:30:00,54,437,,0,0.233,1.301,1.534,0.597
3600.0,m07,2024-01-01T13:30:00,54,438,,0,0.607,0.72,1.327,0.615
3600.0,m01,2024-01-01T13:30:00,54,439,,0,0.685,0.749,1.434,0.568
3600.0,m08,2024-01-01T13:30:00,54,440,,0,0.23,0.973,1.203,0.704
3600.0,m06,2024-01-01T13:45:00,55,441,,0,0.147,0.87,1.017,0.941
3600.0,m02,2024-01-01T13:45:00,55,442,,0,0.526,1.071,1.597,0.401
3600.0,m04,2024-01-01T13:45:00,55,443,,0,0.605,1.096,1.701,0.376
3600.0,m03,2024-01-01T13:45:00,55,444,,0,0.712,1.063,1.775,0.385
3600.0,m05,2024-01-01T13:45:00,55,445,,0,0.129,0.788,0.917,0.433
3600.0,m07,2024-01-01T13:45:00,55,446,,0,0.418,0.481,0.899,0.392
3600.0,m01,2024-01-01T13:45:00,55,447,,0,0.582,0.548,1.13,0.312
3600.0,m08,2024-01-01T13:45:00,55,448,,0,0.313,1.021,1.334,0.635
3600.0,m06,2024-01-01T14:00:00,56,449,,0,0.152,0.906,1.058,0.493
3600.0,m02,2024-01-01T14:00:00,56,450,,0,0.558,0.489,1.047,0.422
3600.0,m04,2024-01-01T14:00:00,56,451,,0,0.721,0.516,1.237,0.369
3600.0,m03,2024-01-01T14:00:00,56,452,,0,0.969,0.507,1.476,0.335
3600.0,m05,2024-01-01T14:00:00,56,453,,0,0.145,0.864,1.009,0.623
3600.0,m07,2024-01-01T14:00:00,56,454,,0,0.401,0.739,1.14,0.603
3600.0,m01,2024-01-01T14:00:00,56,455,,0,0.595,0.814,1.409,0.424
3600.0,m08,2024-01-01T14:00:00,56,456,,0,0.269,1.115,1.384,0.741
3600.0,m05,2024-01-01T14:15:00,57,457,,0,0.133,0.931,1.064,0.613
3600.0,m07,2024-01-01T14:15:00,57,458,,0,0.434,0.777,1.211,0.634
3600.0,m01,2024-01-01T14:15:00,57,459,,0,0.595,0.897,1.492,0.503
3600.0,m08,2024-01-01T14:15:00,57,460,,0,0.316,0.989,1.305,0.593
3600.0,m06,2024-01-01T14:15:00,57,461,,0,0.204,1.481,1.685,0.846
3600.0,m02,2024-01-01T14:15:00,57,462,,0,0.742,1.123,1.865,0.719
3600.0,m04,2024-01-01T14:15:00,57,463,,0,0.956,1.215,2.171,0.661
3600.0,m03,2024-01-01T14:15:00,57,464,,0,1.134,1.189,2.323,0.537
3600.0,m05,2024-01-01T14:30:00,58,465,,0,0.125,0.709,0.834,0.433
3600.0,m07,2024-01-01T14:30:00,58,466,,0,0.347,0.534,0.881,0.54
3600.0,m01,2024-01-01T14:30:00,58,467,,0,0.489,0.606,1.095,0.538
3600.0,m08,2024-01-01T14:30:00,58,468,,0,0.241,0.947,1.188,0.567
3600.0,m06,2024-01-01T14:30:00,58,469,,0,0.263,1.777,2.04,0.597
3600.0,m02,2024-01-01T14:30:00,58,470,,0,0.999,0.717,1.716,0.648
3600.0,m04,2024-01-01T14:30:00,58,471,,0,1.01,0.827,1.837,0.627
3600.0,m03,2024-01-01T14:30:00,58,472,,0,1.019,0.78,1.799,0.605
3600.0,m05,2024-01-01T14:45:00,59,473,,0,0.099,0.673,0.772,0.382
3600.0,m07,2024-01-01T14:45:00,59,474,,0,0.364,0.414,0.778,0.491
3600.0,m01,2024-01-01T14:45:00,59,475,,0,0.524,0.586,1.11,0.344
3600.0,m08,2024-01-01T14:45:00,59,476,,0,0.234,0.984,1.218,0.649
3600.0,m06,2024-01-01T14:45:00,59,477,,0,0.243,1.769,2.012,0.977
3600.0,m02,2024-01-01T14:45:00,59,478,,0,0.976,1.136,2.112,0.552
3600.0,m04,2024-01-01T14:45:00,59,479,,0,1.225,1.194,2.419,0.625
3600.0,m03,2024-01-01T14:45:00,59,480,,0,1.482,1.11,2.592,0.49
3600.0,m08,2024-01-01T15:00:00,60,481,,0,0.151,0.638,0.789,0.516
3600.0,m06,2024-01-01T15:00:00,60,482,,0,0.157,0.987,1.144,0.528
3600.0,m02,2024-01-01T15:00:00,60,483,,0,0.612,0.654,1.266,0.581
3600.0,m04,2024-01-01T15:00:00,60,484,,0,0.741,0.731,1.472,0.509
3600.0,m03,2024-01-01T15:00:00,60,485,,0,0.871,0.821,1.692,0.373
3600.0,m05,2024-01-01T15:00:00,60,486,,0,0.167,0.902,1.069,0.518
3600.0,m07,2024-01-01T15:00:00,60,487,,0,0.467,0.676,1.143,0.48
3600.0,m01,2024-01-01T15:00:00,60,488,,0,0.536,0.721,1.257,0.448
3600.0,m08,2024-01-01T15:15:00,61,489,,0,0.24,1.085,1.325,0.661
3600.0,m06,2024-01-01T15:15:00,61,490,,0,0.233,1.406,1.639,0.796
3600.0,m02,2024-01-01T15:15:00,61,491,,0,0.677,1.031,1.708,0.549
3600.0,m04,2024-01-01T15:15:00,61,492,,0,0.931,1.136,2.067,0.62
3600.0,m03,2024-01-01T15:15:00,61,493,,0,1.13,1.122,2.252,0.556
3600.0,m05,2024-01-01T15:15:00,61,494,,0,0.239,1.453,1.692,0.586
3600.0,m07,2024-01-01T15:15:00,61,495,,0,0.727,0.697,1.424,0.668
3600.0,m01,2024-01-01T15:15:00,61,496,,0,0.739,0.769,1.508,0.54
3600.0,m08,2024-01-01T15:30:00,62,497,,0,0.196,0.827,1.023,0.55
3600.0,m06,2024-01-01T15:30:00,62,498,,0,0.257,1.869,2.126,0.952
3600.0,m02,2024-01-01T15:30:00,62,499,,0,1.02,1.169,2.189,0.737
3600.0,m04,2024-01-01T15:30:00,62,500,,0,1.368,1.08,2.448,0.672
3600.0,m03,2024-01-01T15:30:00,62,501,,0,1.592,0.91,2.502,0.665
3600.0,m05,2024-01-01T15:30:00,62,502,,0,0.265,1.464,1.729,0.816
3600.0,m07,2024-01-01T15:30:00,62,503,,0,0.676,1.044,1.72,0.735
3600.0,m01,2024-01-01T15:30:00,62,504,,0,0.874,1.073,1.947,0.566
3600.0,m08,2024-01-01T15:45:00,63,505,,0,0.216,0.817,1.033,0.668
3600.0,m06,2024-01-01T15:45:00,63,506,,0,0.21,1.479,1.689,5.251
3600.0,m02,2024-01-01T15:45:00,63,507,,0,0.678,1.21,1.888,4.418
3600.0,m04,2024-01-01T15:45:00,63,508,,0,0.949,1.209,2.158,4.037
3600.0,m03,2024-01-01T15:45:00,63,509,,0,1.153,1.103,2.256,3.853
3600.0,m05,2024-01-01T15:45:00,63,510,,0,0.232,1.363,1.595,0.602
3600.0,m07,2024-01-01T15:45:00,63,511,,0,0.668,0.798,1.466,0.612
3600.0,m01,2024-01-01T15:45:00,63,512,,0,0.832,0.804,1.636,0.454
3600.0,m08,2024-01-01T16:00:00,64,513,,0,0.328,0.851,1.179,0.738
3600.0,m06,2024-01-01T16:00:00,64,514,,0,0.319,1.497,1.816,0.615
3600.0,m02,2024-01-01T16:00:00,64,515,,0,0.9,0.728,1.628,0.689
3600.0,m04,2024-01-01T16:00:00,64,516,,0,0.88,0.823,1.703,0.665
3600.0,m03,2024-01-01T16:00:00,64,517,,0,1.023,0.863,1.886,0.537
3600.0,m05,2024-01-01T16:00:00,64,518,,0,0.198,1.202,1.4,0.606
3600.0,m07,2024-01-01T16:00:00,64,519,,0,0.58,0.775,1.355,0.485
3600.0,m01,2024-01-01T16:00:00,64,520,,0,0.741,0.747,1.488,0.394
3600.0,m08,2024-01-01T16:15:00,65,521,,0,0.209,0.813,1.022,0.582
3600.0,m06,2024-01-01T16:15:00,65,522,,0,0.269,1.393,1.662,0.84
3600.0,m02,2024-01-01T16:15:00,65,523,,0,0.731,1.007,1.738,0.66
3600.0,m04,2024-01-01T16:15:00,65,524,,0,0.942,1.076,2.018,0.573
3600.0,m03,2024-01-01T16:15:00,65,525,,0,1.173,0.944,2.117,0.495
3600.0,m05,2024-01-01T16:15:00,65,526,,0,0.188,1.139,1.327,0.635
3600.0,m07,2024-01-01T16:15:00,65,527,,0,0.552,0.803,1.355,0.638
3600.0,m01,2024-01-01T16:15:00,65,528,,0,0.712,0.82,1.532,0.517
3600.0,m08,2024-01-01T16:30:00,66,529,,0,0.189,0.77,0.959,0.537
3600.0,m06,2024-01-01T16:30:00,66,530,,0,0.155,1.002,1.157,0.564
3600.0,m02,2024-01-01T16:30:00,66,531,,0,0.565,0.718,1.283,0.574
3600.0,m04,2024-01-01T16:30:00,66,532,,0,0.706,0.744,1.45,0.605
3600.0,m03,2024-01-01T16:30:00,66,533,,0,0.878,0.678,1.556,0.553
3600.0,m05,2024-01-01T16:30:00,66,534,,0,0.158,0.855,1.013,0.531
3600.0,m07,2024-01-01T16:30:00,66,535,,0,0.42,0.701,1.121,0.414
3600.0,m01,2024-01-01T16:30:00,66,536,,0,0.524,0.715,1.239,0.326
3600.0,m08,2024-01-01T16:45:00,67,537,,0,0.143,0.654,0.797,0.463
3600.0,m06,2024-01-01T16:45:00,67,538,,0,0.275,1.348,1.623,0.685
3600.0,m02,2024-01-01T16:45:00,67,539,,0,0.765,0.743,1.508,0.434
3600.0,m04,2024-01-01T16:45:00,67,540,,0,0.78,0.83,1.61,0.414
3600.0,m03,2024-01-01T16:45:00,67,541,,0,0.913,0.793,1.706,0.442
3600.0,m05,2024-01-01T16:45:00,67,542,,0,0.239,1.21,1.449,0.752
3600.0,m07,2024-01-01T16:45:00,67,543,,0,0.672,0.922,1.594,0.666
3600.0,m01,2024-01-01T16:45:00,67,544,,0,0.785,0.979,1.764,0.52
3600.0,m08,2024-01-01T17:00:00,68,545,,0,0.167,0.748,0.915,0.486
3600.0,m06,2024-01-01T17:00:00,68,546,,0,0.169,1.314,1.483,0.52
3600.0,m02,2024-01-01T17:00:00,68,547,,0,0.727,0.625,1.352,0.448
3600.0,m04,2024-01-01T17:00:00,68,548,,0,0.894,0.689,1.583,0.514
3600.0,m03,2024-01-01T17:00:00,68,549,,0,1.014,0.765,1.779,0.409
3600.0,m05,2024-01-01T17:00:00,68,550,,0,0.226,1.269,1.495,0.887
3600.0,m07,2024-01-01T17:00:00,68,551,,0,0.675,1.317,1.992,0.378
3600.0,m01,2024-01-01T17:00:00,68,552,,0,1.543,0.542,2.085,0.426
3600.0,m06,2024-01-01T17:15:00,69,553,,0,0.187,1.151,1.338,0.687
3600.0,m02,2024-01-01T17:15:00,69,554,,0,0.622,0.889,1.511,0.555
3600.0,m04,2024-01-01T17:15:00,69,555,,0,0.73,0.95,1.68,0.589
3600.0,m03,2024-01-01T17:15:00,69,556,,0,0.874,0.967,1.841,0.519
3600.0,m05,2024-01-01T17:15:00,69,557,,0,0.211,1.203,1.414,0.593
3600.0,m07,2024-01-01T17:15:00,69,558,,0,0.595,0.731,1.326,0.639
3600.0,m01,2024-01-01T17:15:00,69,559,,0,0.757,0.756,1.513,0.534
3600.0,m08,2024-01-01T17:15:00,69,560,,0,0.24,0.971,1.211,0.707
3600.0,m06,2024-01-01T17:30:00,70,561,,0,0.155,1.054,1.209,0.797
3600.0,m02,2024-01-01T17:30:00,70,562,,0,0.644,0.821,1.465,0.693
3600.0,m04,2024-01-01T17:30:00,70,563,,0,0.912,0.848,1.76,0.999
3600.0,m03,2024-01-01T17:30:00,70,564,,0,1.207,0.72,1.927,0.958
3600.0,m05,2024-01-01T17:30:00,70,565,,0,0.15,0.86,1.01,0.524
3600.0,m07,2024-01-01T17:30:00,70,566,,0,0.421,0.644,1.065,0.521
3600.0,m01,2024-01-01T17:30:00,70,567,,0,0.596,0.698,1.294,0.357
3600.0,m08,2024-01-01T17:30:00,70,568,,0,0.326,0.992,1.318,0.727
3600.0,m06,2024-01-01T17:45:00,71,569,,0,0.128,0.962,1.09,0.53
3600.0,m02,2024-01-01T17:45:00,71,570,,0,0.558,0.523,1.081,0.45
3600.0,m04,2024-01-01T17:45:00,71,571,,0,0.753,0.525,1.278,0.386
3600.0,m03,2024-01-01T17:45:00,71,572,,0,0.965,0.506,1.471,0.406
3600.0,m05,2024-01-01T17:45:00,71,573,,0,0.142,0.874,1.016,0.542
3600.0,m07,2024-01-01T17:45:00,71,574,,0,0.402,0.687,1.089,0.538
3600.0,m01,2024-01-01T17:45:00,71,575,,0,0.575,0.735,1.31,0.374
3600.0,m08,2024-01-01T17:45:00,71,576,,0,0.338,1.068,1.406,0.808
3600.0,m05,2024-01-01T18:00:00,72,577,,0,0.147,0.918,1.065,0.651
3600.0,m07,2024-01-01T18:00:00,72,578,,0,0.407,0.831,1.238,0.557
3600.0,m01,2024-01-01T18:00:00,72,579,,0,0.593,0.886,1.479,0.425
3600.0,m08,2024-01-01T18:00:00,72,580,,0,0.325,0.872,1.197,0.609
3600.0,m06,2024-01-01T18:00:00,72,581,,0,0.315,1.808,2.123,0.589
3600.0,m02,2024-01-01T18:00:00,72,582,,0,1.161,0.729,1.89,0.636
3600.0,m04,2024-01-01T18:00:00,72,583,,0,1.06,0.81,1.87,0.669
3600.0,m03,2024-01-01T18:00:00,72,584,,0,1.045,0.775,1.82,0.723
3600.0,m05,2024-01-01T18:15:00,73,585,,0,0.117,0.732,0.849,0.344
3600.0,m07,2024-01-01T18:15:00,73,586,,0,0.396,0.394,0.79,0.404
3600.0,m01,2024-01-01T18:15:00,73,587,,0,0.603,0.42,1.023,0.342
3600.0,m08,2024-01-01T18:15:00,73,588,,0,0.231,0.914,1.145,0.621
3600.0,m06,2024-01-01T18:15:00,73,589,,0,0.239,1.433,1.672,0.753
3600.0,m02,2024-01-01T18:15:00,73,590,,0,0.87,0.875,1.745,0.571
3600.0,m04,2024-01-01T18:15:00,73,591,,0,0.929,1.056,1.985,0.613
3600.0,m03,2024-01-01T18:15:00,73,592,,0,1.063,1.109,2.172,0.514
3600.0,m08,2024-01-01T18:30:00,74,593,,0,0.243,0.854,1.097,0.594
3600.0,m06,2024-01-01T18:30:00,74,594,,0,0.233,1.575,1.808,0.736
3600.0,m02,2024-01-01T18:30:00,74,595,,0,0.768,0.967,1.735,0.604
3600.0,m04,2024-01-01T18:30:00,74,596,,0,0.908,1.005,1.913,0.547
3600.0,m03,2024-01-01T18:30:00,74,597,,0,0.983,0.959,1.942,0.556
3600.0,m05,2024-01-01T18:30:00,74,598,,0,0.2,1.259,1.459,0.692
3600.0,m07,2024-01-01T18:30:00,74,599,,0,0.586,0.894,1.48,0.619
3600.0,m01,2024-01-01T18:30:00,74,600,,0,0.785,0.915,1.7,0.498
3600.0,m08,2024-01-01T18:45:00,75,601,,0,0.279,1.113,1.392,0.914
3600.0,m06,2024-01-01T18:45:00,75,602,,0,0.268,1.734,2.002,1.451
3600.0,m02,2024-01-01T18:45:00,75,603,,0,0.864,1.166,2.03,1.115
3600.0,m04,2024-01-01T18:45:00,75,604,,0,0.994,1.482,2.476,0.831
3600.0,m03,2024-01-01T18:45:00,75,605,,0,1.109,1.56,2.669,1.665
3600.0,m05,2024-01-01T18:45:00,75,606,,0,0.257,1.438,1.695,0.827
3600.0,m07,2024-01-01T18:45:00,75,607,,0,0.753,1.317,2.07,0.495
3600.0,m01,2024-01-01T18:45:00,75,608,,0,1.544,0.675,2.219,0.496
3600.0,m08,2024-01-01T19:00:00,76,609,,0,0.288,1.016,1.304,0.662
3600.0,m06,2024-01-01T19:00:00,76,610,,0,0.245,1.497,1.742,0.845
3600.0,m02,2024-01-01T19:00:00,76,611,,0,0.695,1.06,1.755,0.856
3600.0,m04,2024-01-01T19:00:00,76,612,,0,0.868,1.248,2.116,0.687
3600.0,m03,2024-01-01T19:00:00,76,613,,0,1.078,1.155,2.233,0.631
3600.0,m05,2024-01-01T19:00:00,76,614,,0,0.237,1.361,1.598,0.719
3600.0,m07,2024-01-01T19:00:00,76,615,,0,0.648,0.934,1.582,0.642
3600.0,m01,2024-01-01T19:00:00,76,616,,0,0.775,1.02,1.795,0.443
3600.0,m08,2024-01-01T19:15:00,77,617,,0,0.248,0.951,1.199,0.66
3600.0,m06,2024-01-01T19:15:00,77,618,,0,0.214,1.462,1.676,0.739
3600.0,m02,2024-01-01T19:15:00,77,619,,0,0.7,0.989,1.689,0.558
3600.0,m04,2024-01-01T19:15:00,77,620,,0,0.992,1.056,2.048,0.727
3600.0,m03,2024-01-01T19:15:00,77,621,,0,1.166,1.139,2.305,0.531
3600.0,m05,2024-01-01T19:15:00,77,622,,0,0.279,1.297,1.576,0.748
3600.0,m07,2024-01-01T19:15:00,77,623,,0,0.718,0.949,1.667,0.727
3600.0,m01,2024-01-01T19:15:00,77,624,,0,0.912,0.924,1.836,0.553
3600.0,m08,2024-01-01T19:30:00,78,625,,0,0.335,0.957,1.292,0.701
3600.0,m06,2024-01-01T19:30:00,78,626,,0,0.229,1.566,1.795,0.598
3600.0,m02,2024-01-01T19:30:00,78,627,,0,1.015,0.771,1.786,0.681
3600.0,m04,2024-01-01T19:30:00,78,628,,0,1.003,0.882,1.885,0.574
3600.0,m03,2024-01-01T19:30:00,78,629,,0,1.033,0.836,1.869,0.552
3600.0,m05,2024-01-01T19:30:00,78,630,,0,0.269,1.448,1.717,0.591
3600.0,m07,2024-01-01T19:30:00,78,631,,0,0.66,0.745,1.405,0.674
3600.0,m01,2024-01-01T19:30:00,78,632,,0,0.682,0.815,1.497,0.498
3600.0,m08,2024-01-01T19:45:00,79,633,,0,0.204,0.814,1.018,0.711
3600.0,m06,2024-01-01T19:45:00,79,634,,0,0.301,1.305,1.606,0.767
3600.0,m02,2024-01-01T19:45:00,79,635,,0,0.642,0.92,1.562,0.498
3600.0,m04,2024-01-01T19:45:00,79,636,,0,0.86,0.996,1.856,0.426
3600.0,m03,2024-01-01T19:45:00,79,637,,0,1.047,0.915,1.962,0.404
3600.0,m05,2024-01-01T19:45:00,79,638,,0,0.217,1.428,1.645,0.743
3600.0,m07,2024-01-01T19:45:00,79,639,,0,0.735,0.938,1.673,0.647
3600.0,m01,2024-01-01T19:45:00,79,640,,0,0.941,0.96,1.901,0.479
3600.0,m08,2024-01-01T20:00:00,80,641,,0,0.198,0.811,1.009,0.58
3600.0,m06,2024-01-01T20:00:00,80,642,,0,0.216,1.42,1.636,0.686
3600.0,m02,2024-01-01T20:00:00,80,643,,0,0.775,0.86,1.635,0.72
3600.0,m04,2024-01-01T20:00:00,80,644,,0,1.011,0.914,1.925,0.753
3600.0,m03,2024-01-01T20:00:00,80,645,,0,1.16,0.951,2.111,0.64
3600.0,m05,2024-01-01T20:00:00,80,646,,0,0.222,1.255,1.477,0.646
3600.0,m07,2024-01-01T20:00:00,80,647,,0,0.613,0.816,1.429,0.628
3600.0,m01,2024-01-01T20:00:00,80,648,,0,0.731,0.916,1.647,0.44
3600.0,m08,2024-01-01T20:15:00,81,649,,0,0.156,0.631,0.787,0.461
3600.0,m06,2024-01-01T20:15:00,81,650,,0,0.198,1.181,1.379,0.592
3600.0,m02,2024-01-01T20:15:00,81,651,,0,0.56,0.746,1.306,0.68
3600.0,m04,2024-01-01T20:15:00,81,652,,0,0.75,0.899,1.649,0.546
3600.0,m03,2024-01-01T20:15:00,81,653,,0,0.915,0.95,1.865,0.435
3600.0,m05,2024-01-01T20:15:00,81,654,,0,0.228,1.327,1.555,0.698
3600.0,m07,2024-01-01T20:15:00,81,655,,0,0.627,0.868,1.495,0.555
3600.0,m01,2024-01-01T20:15:00,81,656,,0,0.792,0.872,1.664,0.471
3600.0,m08,2024-01-01T20:30:00,82,657,,0,0.143,0.635,0.778,0.372
3600.0,m06,2024-01-01T20:30:00,82,658,,0,0.179,1.042,1.221,0.61
3600.0,m02,2024-01-01T20:30:00,82,659,,0,0.568,0.81,1.378,0.534
3600.0,m04,2024-01-01T20:30:00,82,660,,0,0.688,0.883,1.571,0.524
3600.0,m03,2024-01-01T20:30:00,82,661,,0,0.808,0.884,1.692,0.501
3600.0,m05,2024-01-01T20:30:00,82,662,,0,0.198,1.26,1.458,0.623
3600.0,m07,2024-01-01T20:30:00,82,663,,0,0.596,0.827,1.423,0.745
3600.0,m01,2024-01-01T20:30:00,82,664,,0,0.782,0.856,1.638,0.585
3600.0,m06,2024-01-01T20:45:00,83,665,,0,0.21,1.292,1.502,0.757
3600.0,m02,2024-01-01T20:45:00,83,666,,0,0.721,1.012,1.733,0.495
3600.0,m04,2024-01-01T20:45:00,83,667,,0,0.864,0.963,1.827,1.182
3600.0,m03,2024-01-01T20:45:00,83,668,,0,1.08,0.852,1.932,1.203
3600.0,m05,2024-01-01T20:45:00,83,669,,0,0.186,0.914,1.1,1.189
3600.0,m07,2024-01-01T20:45:00,83,670,,0,0.505,0.689,1.194,0.672
3600.0,m01,2024-01-01T20:45:00,83,671,,0,0.597,0.731,1.328,0.395
3600.0,m08,2024-01-01T20:45:00,83,672,,0,0.224,0.921,1.145,0.651
3600.0,m06,2024-01-01T21:00:00,84,673,,0,0.173,1.166,1.339,0.636
3600.0,m02,2024-01-01T21:00:00,84,674,,0,0.616,0.811,1.427,0.604
3600.0,m04,2024-01-01T21:00:00,84,675,,0,0.836,0.849,1.685,0.427
3600.0,m03,2024-01-01T21:00:00,84,676,,0,1.023,0.723,1.746,0.434
3600.0,m05,2024-01-01T21:00:00,84,677,,0,0.158,0.889,1.047,0.552
3600.0,m07,2024-01-01T21:00:00,84,678,,0,0.417,0.696,1.113,0.594
3600.0,m01,2024-01-01T21:00:00,84,679,,0,0.591,0.768,1.359,0.415
3600.0,m08,2024-01-01T21:00:00,84,680,,0,0.251,0.935,1.186,0.674
3600.0,m06,2024-01-01T21:15:00,85,681,,0,0.125,1.123,1.248,0.482
3600.0,m02,2024-01-01T21:15:00,85,682,,0,0.648,0.561,1.209,0.582
3600.0,m04,2024-01-01T21:15:00,85,683,,0,0.752,0.584,1.336,0.595
3600.0,m03,2024-01-01T21:15:00,85,684,,0,0.894,0.551,1.445,0.603
3600.0,m05,2024-01-01T21:15:00,85,685,,0,0.124,0.835,0.959,0.635
3600.0,m07,2024-01-01T21:15:00,85,686,,0,0.38,0.801,1.181,0.632
3600.0,m01,2024-01-01T21:15:00,85,687,,0,0.555,0.926,1.481,0.485
3600.0,m08,2024-01-01T21:15:00,85,688,,0,0.198,0.831,1.029,0.615
3600.0,m05,2024-01-01T21:30:00,86,689,,0,0.155,1.006,1.161,0.587
3600.0,m07,2024-01-01T21:30:00,86,690,,0,0.493,0.728,1.221,0.516
3600.0,m01,2024-01-01T21:30:00,86,691,,0,0.629,0.79,1.419,0.77
3600.0,m08,2024-01-01T21:30:00,86,692,,0,0.234,0.95,1.184,0.699
3600.0,m06,2024-01-01T21:30:00,86,693,,0,0.201,1.484,1.685,0.68
3600.0,m02,2024-01-01T21:30:00,86,694,,0,0.828,0.861,1.689,0.627
3600.0,m04,2024-01-01T21:30:00,86,695,,0,0.99,0.89,1.88,0.678
3600.0,m03,2024-01-01T21:30:00,86,696,,0,1.142,0.871,2.013,0.613
3600.0,m05,2024-01-01T21:45:00,87,697,,0,0.126,0.683,0.809,0.428
3600.0,m07,2024-01-01T21:45:00,87,698,,0,0.394,0.449,0.843,0.483
3600.0,m01,2024-01-01T21:45:00,87,699,,0,0.569,0.591,1.16,0.381
3600.0,m08,2024-01-01T21:45:00,87,700,,0,0.198,0.78,0.978,0.649
3600.0,m06,2024-01-01T21:45:00,87,701,,0,0.216,1.353,1.569,0.665
3600.0,m02,2024-01-01T21:45:00,87,702,,0,0.718,0.787,1.505,0.732
3600.0,m04,2024-01-01T21:45:00,87,703,,0,0.868,0.946,1.814,0.618
3600.0,m03,2024-01-01T21:45:00,87,704,,0,1.013,0.947,1.96,0.506
3600.0,m01,2024-01-01T22:00:00,88,705,,0,0.12,0.572,0.692,0.526
3600.0,m05,2024-01-01T22:00:00,88,706,,0,0.102,0.601,0.703,0.416
3600.0,m07,2024-01-01T22:00:00,88,707,,0,0.304,0.416,0.72,0.406
3600.0,m08,2024-01-01T22:00:00,88,708,,0,0.242,0.949,1.191,0.675
3600.0,m06,2024-01-01T22:00:00,88,709,,0,0.212,1.374,1.586,0.646
3600.0,m02,2024-01-01T22:00:00,88,710,,0,0.718,0.818,1.536,0.638
3600.0,m04,2024-01-01T22:00:00,88,711,,0,0.819,0.919,1.738,0.572
3600.0,m03,2024-01-01T22:00:00,88,712,,0,0.881,0.908,1.789,0.59
3600.0,m08,2024-01-01T22:15:00,89,713,,0,0.322,1.125,1.447,0.781
3600.0,m06,2024-01-01T22:15:00,89,714,,0,0.253,1.428,1.681,0.721
3600.0,m02,2024-01-01T22:15:00,89,715,,0,0.825,0.944,1.769,0.636
3600.0,m04,2024-01-01T22:15:00,89,716,,0,0.875,1.032,1.907,0.611
3600.0,m03,2024-01-01T22:15:00,89,717,,0,0.982,1.106,2.088,0.501
3600.0,m05,2024-01-01T22:15:00,89,718,,0,0.272,1.446,1.718,0.826
3600.0,m07,2024-01-01T22:15:00,89,719,,0,0.657,1.017,1.674,0.652
3600.0,m01,2024-01-01T22:15:00,89,720,,0,0.949,0.96,1.909,0.396
3600.0,m08,2024-01-01T22:30:00,90,721,,0,0.242,0.961,1.203,0.665
3600.0,m06,2024-01-01T22:30:00,90,722,,0,0.235,1.433,1.668,0.853
3600.0,m02,2024-01-01T22:30:00,90,723,,0,0.879,1.221,2.1,0.378
3600.0,m04,2024-01-01T22:30:00,90,724,,0,1.629,0.5,2.129,0.465
3600.0,m03,2024-01-01T22:30:00,90,725,,0,1.844,0.588,2.432,0.402
3600.0,m05,2024-01-01T22:30:00,90,726,,0,0.274,1.441,1.715,0.656
3600.0,m07,2024-01-01T22:30:00,90,727,,0,0.609,0.863,1.472,0.704
3600.0,m01,2024-01-01T22:30:00,90,728,,0,0.722,0.952,1.674,0.498
3600.0,m08,2024-01-01T22:45:00,91,729,,0,0.233,0.935,1.168,0.732
3600.0,m06,2024-01-01T22:45:00,91,730,,0,0.229,1.562,1.791,0.694
3600.0,m02,2024-01-01T22:45:00,91,731,,0,0.93,0.891,1.821,0.723
3600.0,m04,2024-01-01T22:45:00,91,732,,0,0.977,0.933,1.91,0.706
3600.0,m03,2024-01-01T22:45:00,91,733,,0,1.089,1.009,2.098,0.532
3600.0,m05,2024-01-01T22:45:00,91,734,,0,0.206,1.194,1.4,0.621
3600.0,m07,2024-01-01T22:45:00,91,735,,0,0.594,0.773,1.367,0.584
3600.0,m01,2024-01-01T22:45:00,91,736,,0,0.74,0.787,1.527,0.488
3600.0,m08,2024-01-01T23:00:00,92,737,,0,0.348,1.004,1.352,0.816
3600.0,m06,2024-01-01T23:00:00,92,738,,0,0.221,1.39,1.611,0.713
3600.0,m02,2024-01-01T23:00:00,92,739,,0,0.702,0.871,1.573,0.573
3600.0,m04,2024-01-01T23:00:00,92,740,,0,0.838,0.932,1.77,0.514
3600.0,m03,2024-01-01T23:00:00,92,741,,0,0.939,0.916,1.855,0.496
3600.0,m05,2024-01-01T23:00:00,92,742,,0,0.182,1.084,1.266,0.601
3600.0,m07,2024-01-01T23:00:00,92,743,,0,0.497,0.77,1.267,0.644
3600.0,m01,2024-01-01T23:00:00,92,744,,0,0.665,0.881,1.546,0.447
3600.0,m08,2024-01-01T23:15:00,93,745,,0,0.22,0.979,1.199,0.752
3600.0,m06,2024-01-01T23:15:00,93,746,,0,0.195,1.089,1.284,0.579
3600.0,m02,2024-01-01T23:15:00,93,747,,0,0.561,0.705,1.266,0.643
3600.0,m04,2024-01-01T23:15:00,93,748,,0,0.728,0.824,1.552,0.626
3600.0,m03,2024-01-01T23:15:00,93,749,,0,0.904,0.745,1.649,0.642
3600.0,m05,2024-01-01T23:15:00,93,750,,0,0.178,1.203,1.381,0.786
3600.0,m07,2024-01-01T23:15:00,93,751,,0,0.58,0.959,1.539,0.67
3600.0,m01,2024-01-01T23:15:00,93,752,,0,0.802,0.947,1.749,0.502
3600.0,m08,2024-01-01T23:30:00,94,753,,0,0.189,0.748,0.937,0.52
3600.0,m06,2024-01-01T23:30:00,94,754,,0,0.295,1.671,1.966,0.774
3600.0,m02,2024-01-01T23:30:00,94,755,,0,0.821,1.077,1.898,0.722
3600.0,m04,2024-01-01T23:30:00,94,756,,0,1.108,1.06,2.168,0.631
3600.0,m03,2024-01-01T23:30:00,94,757,,0,1.29,0.942,2.232,0.573
3600.0,m05,2024-01-01T23:30:00,94,758,,0,0.199,1.291,1.49,0.544
3600.0,m07,2024-01-01T23:30:00,94,759,,0,0.652,0.579,1.231,0.434
3600.0,m01,2024-01-01T23:30:00,94,760,,0,0.77,0.62,1.39,0.339
3600.0,m08,2024-01-01T23:45:00,95,761,,0,0.184,0.764,0.948,0.481
3600.0,m06,2024-01-01T23:45:00,95,762,,0,0.31,1.336,1.646,0.628
3600.0,m02,2024-01-01T23:45:00,95,763,,0,0.744,0.649,1.393,0.542
3600.0,m04,2024-01-01T23:45:00,95,764,,0,0.97,0.744,1.714,0.413
3600.0,m03,2024-01-01T23:45:00,95,765,,0,1.158,0.614,1.772,0.432
3600.0,m05,2024-01-01T23:45:00,95,766,,0,0.187,1.145,1.332,0.627
3600.0,m07,2024-01-01T23:45:00,95,767,,0,0.57,0.79,1.36,0.549
3600.0,m01,2024-01-01T23:45:00,95,768,,0,0.731,0.795,1.526,0.44
